"name","description","user","isProfile"
"XwkFymcXnTT3CYhQFcP3K","o2hdZpyNtq84nGYj2","KgK3U1qnV64lltdw7@aMDi9uVe","true"
"Xnb9beVja1WdWamwqueV","eL7Lwc2KvjP3BAEFbAROxSsyFCFEfAoUYuAYKuWEzuwoX0YuOtM4dGTaujvmhtasFqhWPBMPViahWoF7bm73XK6 03JU","tgkyMw2w@L3lty0NZxyU4fIrpVtA","false"
"LWgdlWvaQwj8RR","Q1dmzhUqj xmgg7O7sado1g8VuZaqGJex7OqgqGgtc 5ykpIb1mWPCHT","nMfipVr@lFhYI9xlvtjtT","true"
"PcB1UGwbTwoi0HznzPL1cu5MPjnRan","axn0X2W0dyL2HBK0Yb1sTdwlFT8fjvovSsn96 OMxwE0vMyxqknLiRW iinU","hPLK3aXmaoa0ynM2TFr@5sMgF","false"
"7rQicE00iIcZzEy1QSKOHaoy9Z","iPYWuIbDaBjlAU ","ogPb9GYGWuzJz6@gkwgot4Rt","false"
"0w7ua56M75VLJY6OQz7A4SF80","Hl17vt8ptg6DYSHPHZUqB5kaTHEUChKNaK2zCWM5LykL6Hi","OKfX9UjKpleCh@v0gcQgAHP8Ezzgcq","true"
"Sy3VoGwi","VPFTY6J8KapDuFL8jezw9EMO46db1C3MbubQOOx576pKPfagw5pyf7cL5BlU8LJr ybZrjWyV","iWm1tMX@1xDxJ","true"
"F0LpkFkr4UtNlKZAdhvbKN5wcnHi","s4zbZRkGwbEdNIKa8hae","O1@t0","false"
"0TASNLHX59E77iZRZ2Rq","lQzxy9RSBA84gGonh0j8N9SppnjK2sj0497PEqVVQOzBuy80 VOnalWRDx3iRFxkYMRx mevSB3aVBkpgMMZVJzWGeP6br531","7o@V4cyF7vsIBBGrN","true"
"CB75","8bwQFPeRBtG9s0POk1XclveVw8Dk3qqnUQ3xscucsvH","RhvRJPwexF8UWNYw@g3aHX4wwrLFYZ","false"
"NhJfj9iij6f","7XKqtraB9OHkKpRBLDKwES6ujIVWS3WqhF r3suge 1A2Ig9afjtfNDW5w4OJlA8QdaYTuELzoCXCBgECCFeFVn288mni2vIf45YNO","0YyhAAPuV216@nJE","false"
"7wKMJSWxQRA2gAc0R","rruF81ImP7lKeiqC4 78Y36uIU3mShs1gA5fl6v1GxEee19yomUuCmJnYlBjnjblK6I3PSO56kabJh9Xc7QF","3xR@7esH8GNTHANDZ6gyYlQB","false"
"s37zEH","sRKh1fcYFbzEF3Tr07zr2Y","6Ef4GGmXeb8tWoj6v7@cNgEcVPFPeKOIhlgP","false"
"1Gy2on2NPr1zUJel7vsj9xHNxR9zAQ","JIfYQDoohdXls4txdnBPANwwNGF5sbIQKETThuJjsSa9anXpiKEzz83mf23byWzDfs4aooHqYZ","MTPKZ1@ll0","false"
"dKmN5x1ESgcGZjvswDyHIIRg24lb7wi","ENZCDZ6Nt42WLpW2gp3PTRs8zAhtRR00VMlhNbzkx","CBSXloOryCSzKlC7uB@5oQ7H","true"
"YL4Zm4ob59z3YuZlEp3HTIdOWd0","MI4ffEwcR9tbPOK8zGdjJll8oUcA9N44HFQTdHCtCfqn","sbZLE1dd@r2v27vDM0CGUmvD","false"
"a1HUVTZzDl5","viOFV2bx5kyUsv8SI0I5jsGc2tg4OEI0w3K0JvT18bxU0l7JaKTrRGeG98b6uDzjAVCoPhl4iy","OLobOVnQpyk@7x0xe","true"
"FZHqK7OKZFjvsLq0","s30wYFbCPUC","Plc0JuoydSGQd@PYTgKvpWS","false"
"B75Yjpc4aERQfdcbUyRt7mMQ","1aOidEtRSN7FC0po9ih5UEpo QCYpunRU8c3Bk1NqExSHdBhZhFJvzJecL71 UAp0pXhsCt7X6IPq","29JQeP8ICiUSp1Vn@FhY71H","false"
"58RyYcVtU92GSn","9TwqG7 wjDsTphHE7hBKJSDEm4BlNtDrpn0eWZm6y0IGrY5nVn 5fAI4zxM6crMTFpObpy7PttPw6uwoEI","36YKs@Zxgbxu5LnV2AsuZk3","true"
"VbmIpvy4Mk","qIkezWZZG5sctL2LADEDJE7nDHiOI1bOkPPYg4Q3ZzzHrSE1Nr2rZGOWkUMHPlR1XUg7 6","fr4y1TcoiQbtN1iNmOXM@2RFrPzmUjOF","true"
"nGwJOtEmNohO0jLJnDTW","L2szH4gUdaYOjFTjFLfivFldKLrSPxdVAdqbUiAw7azSX56RfaBJdqq","Er0@0xkAefcHGta","false"
"5CovfGFvVtXktnmMdBIYDsN","LA7k19kltYMiJGkzi7fxrdVNFJgMncGq1BqyS14f2QOs8CYAI8OBYUxfMBnZGQ1o5NlSkky0sSGCWcY5yr0NV","FckTSwdI@M1yv46HTH7r11m6","true"
"zIO1rThXm","ncFrV3HfR695n67j11dPRaWdjBODASzNYgUhq6yKy8zFzrUzgApemV4cEYDvR ni1aKPcnaNi2YfAkNDMKTEleYX6mzgZXXEJ2k6tADqA","fD0yYiLqMhCpjoo@0Sr9BVZgVh","false"
"ubmfbBfVlIu84TPcHqcI8Giv6Y4SPWX","4fRkxXAENPa4LMKs0iuG7FrjUQaoO2Ym","L0jLaqrGN5@2Sbt0Ty","false"
"2qn2B8G6IIzymOEJknFY","FO2utPo4lXacMCu7jHbizRoKRHnruU6yVaPJtCQH20zmI46kzpMPO96aabKj izQ0heMCQS8mxb5CQVFQzk7VyZSyiNqlZAquXuCI7eLfSKEy9qebCxnULy","wsmq92xy@helV3Ap5FqhbF9H2ZRRG","true"
"3DTmRB2D","axYu0vC2GRTCRcER4WF6nceEJfWP0S9wM2Zl03vBaZLtUXuaxEdgxGjFZF1FSZtNMuYbA0m","PSuQiQBY@i5J","false"
"8Hm2LC9Yk0FZozlZJIq6","Ai6tt2a9h7CrZyJkS3LHduN5zGdJBxRd sL46UsskzNr ThVvyOTQy","VjU9m21rIpeCfmL61jG@O8ZvafUwO","false"
"0qkZZrzYFy8toU0jJ68ACJ24Jcv","eFzdWWpTbjwk","rxGzhfWD6B8u@OAL76H5Gae3iZx","true"
"mTHdYunbM4SCl15eJydI"," FSJkm5qTSqfye VOTSQi3dNsnmdoeviYnMamMCnor5CQVre5n6gbZvkGc0dXQI12BSiGJPdO","0GAoSuFoqy4@Exm5Hgsf8upwKrcJ","false"
"QcsPWHkH8PCXidJKQGVRqDonsK5tK","gCBD3ROOMEpcsFTBTJpPvWdOs9crMuqzJb5PduIoJVNuPri9ckYX892NSCRIgl9IsEP5S5CM CvsLdqjBO","UgAlvrFp@8755jgDB3larcA8XuZ","false"
"9V1reOyL7POnYRs","EZ7QWHzfinscx2m528nT1dCGLOtnXVMCAv8HvphK WTHYSbuid2 LWo9AqavLJWWLgdbnqqxCRg4hvkV8Wi0B9N9mhgbQaYpJe","tlchRZlPcoemFF1@gBepF","false"
"a1N0S1O87ZCIiVOKYGub","00slRZ7zMMoMqFfzhxM7hl8cvxGVwMkXry4Vh4A2IvX5","eEyqXgd783ULpT@gsTnh","true"
"2i4R84qTNVGKqrV4dqutP2i","SmR3Vyl0AoJnVX4Nv6Qyj zv5QQA dccyt6wsILSUhdXKlGgCvCrjwVwBWSsMTI2gX7fw1tBal5wKHjeKzfcGyX","mp@LL6L9lU8bbGevRmm","true"
"Ouc","8jyMgSEzaeHMCvdrbO6toGlZO9 G4j9TlU3vW67WyqaXAGXAe5HCgFpGV9doCI2RlU6Z81zLY4vnEvCIVV7hljqAYwUsyUARrHC0","IVUK1jvQsWN2KIRxeEr@LgzXVWkppzHEDuRa7Z","true"
"LjI4dt44bUALC","h0HKfDdMgFjGOa17FvXah78z3aGmTU0LjSY1UqEvR","5ZEiDeqjVkGfsyAKufM@htQRlGMvltJN4T8xS","true"
"Pcu","KoSpFXdWg5t iiqdqleRnIjKV5sON1 i77vYXrxO1Zn6SrBqfcK","vgW@ZL6Q","false"
"ph","EMlKZRF3XH1FqpLJNQLr1M9","Bd0j5o5TpgTjirSTOT0@vYYf","false"
"3aONJ5II1WSEU4TD","DNP93jp5WvZagRa9OOyihr7aJ66 L9AZOVH8 A8R5sRQCyc23lEotkCTeGmlX9OIrl4bmnGX4l22Yao","Gla19Y6dEXH@Ku","false"
"iflVDag1GrHGEEjF9EWp5H7T85l","jHd cxLbvLMKK3MzHF6j2WJb3nEZ1wPsU36hACmjJ5ZhluabjTTs3ksfEYqE4hQqsDunB2","HXOu9xdaKw969DCz@oHWmVR73Nia","false"
"TUXSqLwZ4JZMv","swQtnQBID6nsYMqKMcc6AnC87TS0OAO VpTIZ1T1WSjWTHZ 1OwHfnbBf","6DYp3XCLA5nRrPVV@f6Yok","false"
"bROmCvwPVZ0MLZ"," lqpI2YYq aaBFWC","gsNl3C@DcHiaGL3c11ewknLlQy0","true"
"NOKMzeCMc8EwP","BeG4KLV5qgY2oaYZzIle05CBzGO4Gqcj1yyfSrtZfttDZXSwEzCbyaOY5117n7cLDKlHihow6Z","qUhyLLihg@YB4bG5g7pt4GteTZME","true"
"292XarMS6gn5I","9Wn6EFzf0A","uJ3lH@GxAsi","true"
"oQ3","ydj5N1Y1VRfQ4S3GROz0bc7horXMvqgkOQMH8X0IobrH2XmZOk6ryTUEB78tnRAUHB5vfVuhC3ZBIr","MwOXfppWNMc@tpg5btysDP17H","false"
"5xWWYt2eiaTda5sVsxOQk","EeXb5nu0LVV55s R80zHCwzFhtOhhKvZfIy8IfTcug3y3m","kp62zw7xf2T5eyK4h@8QmH","false"
"QKhGelsBdti66QHYO9MBE9np","EgTux7pXwUdp6ISWcx7MT42BkxJaKTCcCqNuxgVPLNTa","ezeSr0qyZc@skabx7MlWDKEOFPe","false"
"3SgzpQIwfYQrzzAyYBs9atbt5A","zlyfYZlX5TUMiO5Xph235lnSEdwy1XZknH","vkUlG@CNQTWp8UwEE9Oq50lK","true"
"Dv7h","OpJczAp6cGYgzx2aLMl cplk4pMcbrknQHKGx 5x5WAWdccKP8p7","gzRtbqwUNYwUgI@OT2hwVbauJG30R","false"
"rPVsnBrSe","Sc47S0H9h ","jbLYbk75@RV3Jo2B","true"
"fLrhik64BfQIAzi3Nn5d3","p3 JLWGidBUT5to9vXNkXG0u1KkJIiWUXPiGxLu8DCK4wSUmioUk1zqSU 8SKBPuOo6 Ysa","H1XcwweNhooFzildt3@tMpPyd","true"
"LbPW1UuZdwK5sCiaB"," 5WvAwNrk58Go8KVNnXo7Wcvaae5X7TXcz","wWKg@0Usft13L6","true"
"tiBDY4burXcoRglEqJtXduaiYR0AVI","h9FPAJHSxXKwXp6TWuiuzxiO1rymRAa5yclqdB9mQKKC8sc66632ASe8L3iSXwHFnZGEuqXB6HH4DtMxjCcY9Kq0VB","VD4qtme8oOoHARm@WI","false"
"3dus","yBZeL3Ob","di4ksjpvqZR@GxX2YKrjy3cLLNNrzCH","true"
"BLPyQiemFjADtFur6BJM","98tmBaWaQno1o43mgJFG88HUj6Zkw8HxVFBIuG","smBo@oILXzd","true"
"yltA0rgX","xvHXh2SeA4aMN0Squ WweRy9Miza7LnbUe2pp2EobYn1N","HAi3AHD41WtuiXEYaW@DRRgRWDdj4aa","false"
"spqy7Mh66XX8cgeH0D0O6","II2x1G9pyxLPiv1y","Ya9@74Yw6tshG","false"
"odjI9EP6Sl","N 5Spbo0ezWv SMjvoSauUdZyi14Jz1FT1at5i2K6OlxHXjiEj2CNuA1TJNCsZQXr0tJ9kyTmAfz v1Bt1KmeWNyd0j4CQr2NQ0EHLN2pf5UVKfPbW09ROQl","KctJIJ3IEpWnR6@9edkN","true"
"wNAPDPfp","Wvo0Xi7QrYhvjMbPd1z6UtFuOWm5izQDy1QAdwQdpd2KzJn2uTGQT1kBOvG7jCBEO6Ygm5 vr5eYOS2gBVraOAl2f0toeta1AytlQYfiF5ipiI","9HFe@dbvq9Uvtt08ZZbcB","true"
"jnR9cYmsJ9cxl8oZF9fcGACVLx5","g8ujocfRtB56ltTeEN4iQSjDJvB9VwGcrTK3gPax9 N6sTGJgh8LTm7icT6ZaHszo 75B2m7BSYCNN9RblZtsiG6ta7PNVGnxCcw 1vVJ4SCLl5qfmW9xewf","UZFrQGofCNY5VNvbQN@xduIPxZD","true"
"VZynkbuF","YyqRTxzOh JwAhmPYmWJr6SDw8tsTVqAAwK7xElWLL3Htreqy51a9toj2OueYkS","fV@EISD","false"
"raYWx1Zc9gldNKVOwpZEagpYZV6nLP","l4b6FapKtL345XzJQgoSsGcLGchXmXrwYX1YeiNM Xh YgkkbyeMo1Ke7YFEBqWzA6e9H3ECTOsU","H1nYM1G7vFzVbeT0T3a@Ltmo","false"
"mV","NLk2k1rH1FTdSFWLBg99zxezTDSjBFoFM5zEjW4IykggbCkoFDm3Im5pi6Q4QcnzjTJJvkU4Qzw7PlDrempuC","RxB@1qBd","false"
"JaFXAH3TPnjhGAC","lb0BBn8XxycboBTEJkcmQ4zASq1yVZD4KGMkmWLbgds6oohNRoU3QRkOMEsKPo5kNA71P5mD7hNCzohupSA8KPOSUlSYpX5jXlQoAaSHi2Xg8lVePx","C9cJeRH7USacjf69TnjY@lwxsKckM","false"
"JZU1bFYgF2cT","Bl6udZGex65Tdbgplt8AiIOAvMzQP","HKN27HiXF3Uh54@shRQStf","false"
"GE8mHTGYfxnQZ61EDyAD52xagt69rf","fkAijjl7noW4iY3cXYPlekXRG82f05Do5eVloJSIyIm5haDrT1QuEzdSRtssA7MH","O8U7pyK@CDj3tOicbvy","false"
"fPl7LAH9VlqZ0OWzgGh11h","W84e7F VoKcLRW 1A52IS01xl","5pqM@2GU","false"
"uiO","d9GvMvIc9","jtQUkxswRqYO9E0iCfD6@WCMCCE2TDCrAn6I4lsRN","true"
"4DMltIxcL83IHtc","9ve84csBEZC9RwAOuujij8hLH vhWRBN8AmoeOabHAMqtNZ69b1tcAnBY6Ogia13OuvSegrQqBGhXXCDlwfVX106y","eWJPoyyEkWwtsb84KT@8tSZ7A","false"
"F6h7kIhRBvrxqFBVYBdP99sFTa","6RqgcjfX6Qv3K0JesTUul41mJaT7R5CUzm5tOtkZTTjcGm9rJvhx9r3mwUeIwYYKjPmptuvceKIjnqfasPuNuFaAo1R8waxnWpsE5pP0oxEk9OI5cZHSa2JnA","h59ky6gmSRL@M6jBB1H0xmmkcrkb8M","true"
"D5xg1WHdCmwSdOLm","bQ5TZzir","NLQioasn3UOlZGHlSOCO@GhaAXHEnn","false"
"AcQlolKIeaMhleN6nW","0WYQTrSeg2i EBA8Zh72LwIJZGta9uBq56Vv7PUkSVnXe67Nx30P2fQH8JVUOmwqBFS5 cLJzpPB","z9A0s@6i5Rck","false"
"3rawKSSQzj7dt6","e8hh88p4HhMTCOq3TCiJoD4 5DHEN2AXkuYdTF vwe0gxtRVC3JZGjiJqrFYFWXrEKuwMWwev0S5RsJUUlm3orAFoGQM95S43IgFV3XiytNv","RCIYnRt@HRpWcdWKbolKbg","true"
"QIaIq6","hacS15TagxF ZtFJW5VZhx08KT4bQnqB6fmyKnqbLOddp6ZUyY9xNm4AsAA9 F bKK","sKFbh07U27yQ@hrn","false"
"zvJZdKFOSOtaKS","6lUpE6ymAy7Rur7mVkb0FCDlSeuZ1vVhKAQrkOj kU7vtOhEGxDsH0jbD5AuDO9jtoMK","6b3R@8nAmIMyS1JGAJW7b","false"
"m9EjUH0xPchlS9LwTw","qCL6liEJPCppqYPtoqbtKhE9HMO","8y@Tc9f2F6GpmhRDp5I4","false"
"ghoKpHerQZQrFRGpEoeHWPtMy","etvolwMfQ9sJWggpLPfECDT8kajPbgDdLZNqBDKtvyrqo9jwSzJWvUTVatQz9zoY58a2jOyMUFWljAm19LgmiCXVdOowClHl0CqG TqDg2pml8isoIWZfq","cqqkLd2XofYd4Sr43@5MS99S1","true"
"Vs1L7I","B9WAKSP6cXtxgNJFmIvp9D0N917JkIHKsbEthR","5zG34E@7npCnI9zCdjdLxvp","false"
"gbbVDanMOyTG0YfV9m1ksp1uSWzA","jtPj1eOPFw 1iro EXzr5mYgOdKSThsLDHDY JTbrWHGPsccUPDFDNXt92vARcs273FAiQn67zcNvVIaWzNEV0Ce2g7Ud1AC3InTQ0UuJmrfxKmGZllz368ZKLg1Yld","tlRUzpvmbDDL@pJ6EJN1M5o0YVHu9itI7","true"
"4uPPB0w0b3mf5ykjwTiLw0ELPJIarO","hBFb0wWFQRIegJl3SpAbpt9WWScXukCq TXztqL0OUqh9FPCxIhWswkWT7mcgug3u","zo0B@qeVfIJyCF","true"
"lXN9MzOBwZPZ8oir6zaYVVfNE0kxHAwi","2ydOUAKjnWussqLQXeR1XDCTWL7mW1u5rUbUwSUICOSK5","rZv@JO4","false"
"hxS9P1","gf6IZdU H5TrOzd3ZbnTG1un1gQFjVFlXUAsLUetoKx1","TZsrN4O4@0LeaqbFSiPLErkuTfIFs","false"
"IjJFz1XqcigGdJ1VP4uK0","iuDz3V1x2SdwnPz293kLEcGldry91WmIp5xF6I8i JacxQl46Ivg4yo35nL9Ty160cEZgQdOgzz","eH8oigJg4piIxRkh@OyXkIFiv72jhUCoqC","false"
"GDOmcsmrwv8W","7OfyGlnNJOb8I02kbPSv7FW3C3ieO","Uo5A0jebQiHdyTcZRpz@d6s3ymvoDOSxHg","false"
"6abo1FI7b3PB0do3PyUsGvdh8oky","WY3 D9zxmu7apDHG2zUQyXUko9q1HFHW6J6TN0Ys4fdF923jt6FZDYgKh1XQCWCD8XOLyLqTM5ReXLSsTdsiaqTeF2K","pgE6B0V@h2myBR2RmsErRW7t","false"
"SsaF9yetERLUpdm5ksvFV2vuU78b","LmG7hjmrlJojBTYdn5AMLpD5gjz7I","v99qV05VsbhI@q8VSX5tCarK","true"
"MM2pouCRNnUgrR9JuMdoVZ","t8ETw2iHDRc04eIONMKGsTvZD","wiXvQC5cpFiIIic@2gFjL5wZ5","false"
"KGHtS4JA23F8bSCTNC9hw","Olsw0DBmuW7G8","CtegSovDbUxMNAB@2Z","false"
"GEzWUquFNPuwQdbXrDs","kGosADU24hzBMQwirByYa2RqhCMAzflB2lqF5oDhQ RpHtWlTYIvgV","sFDaBQbeyOBuxmO@sCNFuTbGbdR3","true"
"C2yuKSMQ1kV0jq9NSq11oZivWtkmvCyp","0UjFMI708y3MDLdhyTqvOeQwah2ZT","tUjKIxhdYsMqXVYlY4bV@uwuZZVsv4Kt5bLVFD4","false"
"GTO","kFJ","T18M@eH1IJW5zJ1CnN3Ua","false"
"BH9rlQKxQoHK9LX6pX1F8LaoV1evtIp","BfAdCwMiSJqOrbtsNx0xvRgN7cRIO6qNHqsMvXUnnwUfsx1DD RNCMVEhOFdvU5VjtxvNu","UI6vd9snD6@2Cdy1Ai6GWw6nKdi588","false"
"m9","vYH4su2pGUVPy1WoPslTNGeA qJgtGTsbPMAU3zZpWWFTM61gg6DSGwRMLo2UeU99nkRDt","RZ52s7us@GIFSHhD0unAy","false"
"z8rH7CFiJpXOW","wm5 wsP5iWRicA3FueUuTo103BQqJFBVgxuc7IZpajCoRmCxLepdrctWfeyDqO01n9wV3R8WB5hRSdquy8ygWyRwdOyNqU3p8TFYp8V7Z0yoO0VrqCs1mAZe","J3Krn0Ug8bw@V77Fr3rsRHR5mlW","false"
"47j","UPMQgnGA7qqJ3rSpEGT1OXwBcwV86iNDJt","gQGPk8W3pPTm@5f7QnEG774R","false"
"slsaVKJinjPmm9GEyhzvGrgNf","Qn6Ce1D","I9V@ADl","true"
"A9DwdYU7qtG0afm4We","OGv WQJUjMv8UUnBolSthN9StxAKPUsEQ3chxZoawC9DtQ1Pfe6J 61YzbQzHscoaVRi20fw7HNJtHY X7HXEaD39N","lUz@K8","false"
"z1pOwDQ6v","oQ1Yd4P9Lbi7yiEI","RcV8ter@ZwrMbMN","true"
"6U5iJhhBTFxFwrqG6","ke3mhauRorg80gnH4w3w3l6oPPs5a7T59V4mhLjYLGxMgHStUgIHLyysjsks1MDLE8kz0Ym Jfq0LhBrPSJ9WHWfAyR3SVjtjknH rVSGsJD2Ke5Ahk3z0XnRPnD8bkB","LBlzfjZnQByS9d1TF95u@iyL4cAjy97gpAgSiyM","true"
"vOSTPPbqidqm2g","u1O0rk9trLWay4iEAziiZdcDzzRpf8TbLAtjVQBCvPTjzqmVCNk4s fIDusGdSBdAPHZgPhU6KW3UtnzaGe1Wc8965H0Tqdz3m lfVZ91YSN3LtZ3RFaglR5d4h","gjJqqyjpwujp@pxD3WuaceCfE","false"
